type_of_crit_point,x,y,z,rol,roe,log_rolroe,rl,re,sumrlre,rlre,rocntl,rocnte,log_rocntl_rocnte_nl_ne,roinl,roine,nl,ne,cf1,cf2,cf3,cf4,rol_l,roe_e,numbl,numbe,xl,yl,zl,xe,ye,ze,number_of_lig_atom,name_of_lig_atom,name_of_lig,lig_chain,number_of_res_atom,name_of_res_atom,name_of_res,res_chain,number_of_res
"(3,-1)",8.29,13.28,14.94,0.0101847,0.0114065,-9.0604476,1.6696051,1.3637164,3.0333215,2.2768679,17.7828000,3.3395588,2.1381603,0.0000000,0.0000000,7,1,-6.9222874,-6.5858151,-8.1952530,-8.1952530,0.0000000,0.0024192,1,468,7.2120000,14.4990000,14.5710000,9.2460000,12.3910000,15.3370000,1,N1,LIG,A,468,H,ASP,A,30
"(3,-1)",6.54,13.53,14.16,0.0663509,0.0597074,-5.5310964,1.2504594,1.2430588,2.4935183,1.5543946,17.7828000,31.6906127,2.3089005,0.0000000,0.0000000,7,8,-3.2221959,-2.5980416,-5.9992389,-5.9992389,0.0000000,0.0037227,1,478,7.2120000,14.4990000,14.5710000,5.8330000,12.5910000,13.7500000,1,N1,LIG,A,478,OD2,ASP,A,30
